{
  "name": "WebKit Mod",
  "id": "com.hugogabr.webkit",
  "version": "1.0.0",
  "description": "Um mod do Geode que abre um WebView (WebKit) dentro do Geometry Dash.",
  "author": "Hugogabr",
  "license": "MIT",
  "platforms": ["android"],
  "main": "libgeode.so",
  "dependencies": [],
  "tags": ["utility", "interface", "android"],
  "gd": "2.204",
  "resources": {
    "android": {
      "libs": [
        "assets/WebViewHelper.jar"
      ]
    }
  },
  "settings": {
    "url": {
      "type": "string",
      "default": "https://google.com",
      "description": "URL a ser carregada no WebView."
    }
  }
}